primaryAccession	insdcAccession	location	cutoffHead	cutoffTail	type	evidence	evidenceDescription	sequenceQuality	alignmentQuality	subset	ncbiTaxId	reference	classification	silvaUri	sequence
KF848653	KF848653.1	<1..>566	186	0	rRNA_28S	ECO:0000248	sequence alignment evidence used in automatic assertion	95.61	92.03	Parc	1928361	FJ345352.1.3830	Eukaryota;Amorphea;Obazoa;Opisthokonta;Nucletmycea;Fungi;Dikarya;Ascomycota;Pezizomycotina;Sordariomycetes;Hypocreales;Nectriaceae;Fusarium;	https://www.arb-silva.de/browser/lsu/KF848653	AAGCGCCGCAAGGUGCACCCAGAAACCCUUUGUGAACUUAUACCUACAUCGUUGCCUCGGCGCUGGCUGCCCCUCCCGCCCUGGGAGGGGGCCCGCCUCUGGUCGUAAAAACCCAGGGGAGGACAGCAGGCCCGCCGGCGGCCCAAUUAACUCUUGUAUUUACUGAGUAAAAUCUGAGUAAGCUUCUAAAUGAAUCAAAACUUUCAACAACGGAUCUCUUGGUUCUGGCAUCGAUGAAGAACGCAGCGAAAUGCGAUAAGUAAUGUGAAUUGCAGAAUUCAGUGAAUCAUCGAAUCUUUGAACGCACAUUGCGCCCUCUGGUAUUCCAGAGGGCAUGCCUGUUCGAGCGUCAUUUCAACCCUCAAGCCUUGCUUGGUGUUGGGGCAUUACCUGAGACCGCCUCCGGGCGGGCCGGGUAAGCCCUGAAAUUUAGUGGCGAGCUCGCCAGGACUCCGAGCGCAGUAGUAAAACCCUCGCUUUGGACUGUACUGGCGCGGCCCUGCCGUAAAACCCCCAACUUCUGAAAAUUUGACCUCGGAUCAGGUAGGAAUACCCGCUGAACUUAA
AC152108	AC152108.1	complement(2361..5856)	0	0	rRNA_28S	ECO:0000080	phylogenetic evidence	95.23	100	Ref NR	4924		Eukaryota;Amorphea;Obazoa;Opisthokonta;Nucletmycea;Fungi;Dikarya;Ascomycota;Saccharomycotina;Saccharomycetes;Saccharomycetales;Debaryomycetaceae;Scheffersomyces;	https://www.arb-silva.de/browser/lsu/AC152108	ACUUUCAACAACGGAUCUCUUGGUUCUCGCAUCGAUGAAGAACGCAGCGAAAUGCGAUAAGUAAUAUGAAUUGCAGAUUUUCGUGAAUCAUCGAAUCUUUGAACGCACAUUGCGCCCUUUGGUAUUCCAAAGGGCAUGCCUGUUUGAGCGUCAUUUCUCUCUCAAACCCUCGGGUUUGGUAUUGAGUGAUACUCUUAGUCGAACUAGGCGUUUGCUUGAAAAGUAUUGGCACGAGUGGUACUAAAUAGUACUGACAGAAUAUUUCAAUGUAUUAGGUUUAUCCAACUCGUUGAGACUUCUGGCGGUGAAUUUUUGGUAUAUUGGCUUUGCCUUACAAAACAACAAACAAGUUUGACCUCAAAUCAGGUAGGAUUACCCGCUGAACUUAAGCAUAUCAAUAAGCGGAGGAAAAGAAACCAACAGGGAUUGCCUUAGUAACGGCGAGUGAAGCGGCAAAAGCUCAAAUUUGAAAUCUGGCACCUUCGGUGUCCGAGUUGUAAUUUGAAGAAGGUAACUUUGGAGUCAGCUCUUGUCUAUGUUCCUUGGAACAGGACGUCACAGAGGGUGAGAAUCCCGUGCGAUGAGAUGUCUGAUUCUAUGUAAAGUGCUUUCGAAGAGUCGAGUUGUUUGGGAAUGCAGCUCUAAGUGGGUGGUAAAUUCCAUCUAAAGCUAAAUAUUGGCGAGAGACCGAUAGCGAACAAGUACAGUGAUGGAAAGAUGAAAAGAACUUUGAAAAGAGAGUGAAAAAGUACGUGAAAUUGUUGAAAGGGAAGGGUUUGAGAUCAGACUUGGUAUUUUGUAUGUCUUGCUUUCGGGUGGGGCCUCUACAGUUUACUGGGCCAGCAUCGGUUUGGACGGUAGGAUAAUGACAUUGGAAUGUGGCACCACUUCGGUGGUGUGUUAUAGACUUUGUUGAUACUGCCUGUCUAGACCGAGGACUGCGUCUUUGACUAGGAUGCUGGCAUAAUGAUCUUAAACCGCCCGUCUUGAAACACGGACCAAGGAGUCUAACGUCUAUGCAAGUGUUUGGGUGUAAAACCCGUACGCGUAAUGAAAGUGAACGUAGGUGAGAGCUCUUUUGAGUGCAUCAUCGACCGAUCCUGAUGUCUUCGGAUGGAUUUGAGUAAGAGCAUAGCUGUUGGGACCCGAAAGAUGGUGAACUAUGCCUGAAUAGGGUGAAGCCAGAGGAAACUCUGGUGGAGGCUCGUAGCGGUUCUGACGUGCAAAUCGAUCGUCGAAUUUGGGUAUAGGGGCGAAAGACUAAUCGAACCAUCUAGUAGCUGGUUCCUGCCGAAGUUUCCCUCAGGAUAGCAGAAGCUCGUAUCAGUUUUAUGAGGUAAAGCGAAUGAUUAGAGGUCUUGGGGUUGAAAUGACCUUAACCUAUUCUCAAACUUUAAAUAUGUAAGAAGUCCUUGUUGCUUAAUUGAACGUGGACAUAUGAAUGAAGAGCUUUUAGUGGGCCAUUUUUGGUAAGCAGAACUGGCGAUGCGGGAUGAACCGAACGUGAAGUUAAAGUGCCGGAAUACACGCUCAUCAGACACCACAAAAGGUGUUAGUUCAUCUAGACAGCCGGACGGUGGCCAUGGAAGUCGGAAUCCGCUAAGGAGUGUGUAACAACUCACCGGCCGAAUGAACUAGCCCUGAAAAUGGAUGGCGCUCAAGCGUGUUACUUAUACUUCACCGUCAGGGUUGAUAUGAUGCCCUGACGAGUAGGCAGGCGUGGAGGUCAGUGACGAAGCCUUUGCUGUAAAGCUGGGUAGAACGGCCUCUAGUGCAGAUCUUGGUGGUAGUAGCAAAUAUUCAAAUGAGAACUUUGAAGACUGAAGUGGGGAAAGGUUCCAUGUCAACAGCAGUUGGACAUGGGUUAGUCGAUCCUAAGAGAUGGGGAAGCUCCGUUUCAAAGAUUUGAUUUUUCAAGUCACCAUCGAAAGGGAAUCCGGUUAAAAUUCCGGAACUUGGAUAUGGAUUCUUCACGGUAACGUAACUGAAUGUGGAGACGUCGGCGUGAGCCCUGGGAGGAGUUCUCUUUUCUUCUUAACAGCUUAUCACCCUGGAAUUGGUUUAUCCGGAGAUAGGGUCUUAUGGCUGGAAGAGUGCAAUACUUUUGUUGCAUCCGGUGCGCUUACGACGGUCCUUGAAAAUCCACAGGAAGGAAUAGUUUUCAUGCCAAGUCGUACUCAUAACCGCAGCAGGUCUCCAAGGUUAACAGCCUCUAGUUGAUAGAAUAAUGUAGAUAAGGGAAGUCGGCAAAAUAGAUCCGUAACUUCGGGAUAAGGAUUGGCUCUAAGGAUCGGGUGUCUUGGGCCUUUACCAGACGCAGCGGAACUGGUGGUGGACUGUUCUUCCUUGUGUUGAACGGACCGCUACCGGAUCUUGCUGUAGACGGUUUAGGUAGGCUUCGGCCGUCCGGGGCACGCUUAACGAUCAACUUAGAACUGGUACGGACAAGGGGAAUCUGACUGUCUAAUUAAAACAUAGCAUUGCGAUGGUCAGAAAGUGAUGUUGACGCAAUGUGAUUUCUGCCCAGUGCUCUGAAUGUCAAAGUGAAGAAAUUCAACCAAGCGCGGGUAAACGGCGGGAGUAACUAUGACUCUCUUAAGGUAGCCAAAUGCCUCGUCAUCUAAUUAGUGACGCGCAUGAAUGGAUUAACGAGAUUCCCACUGUCCCUAUCUACUAUCUAGCGAAACCACAGCCAAGGGAACGGGCUUGGCAGAAUCAGCGGGGAAAGAAGACCCUGUUGAGCUUGACUCUAGUUUGACAUUGUGAAAAGACAUGGAGGGUGUAGAAUAAGUGGGAGCUUCGGCGCCGGUGAAAUACCACUACCUCUAUAGUUUUUUUACUUAUUCAAUUAAGCGGAGCUGGACUUCAUCGUCCACGUUCUAGCAUUAAGGUCUCUUUAGAGGCUGAUCCGGGUUGAAGACAUUGUCAGGUGGGGAGUUUGGCUGGGGCGGCACAUCUGUUAAACGAUAACGCAGGUGUCCUAAGGGGGACUCAUGGAGAACAGAAAUCUCCAGUAGAACAAAAGGGUAAAAGUCCCCUUGAUUUUGAUUUUCAGUGUGAAUACAAACCAUGAAAGUGUGGCCUAUCGAUCCUUUAGUCCCUCGGAAUUUGAGGCUAGAGGUGCCAGAAAAGUUACCACAGGGAUAACUGGCUUGUGGCAGUCAAGCGUUCAUAGCGACAUUGCUUUUUGAUUCUUCGAUGUCGGCUCUUCCUAUCAUACCGAAGCAGAAUUCGGUAAGCGUUGGAUUGUUCACCCACUAAUAGGGAACGUGAGCUGGGUUUAGACCGUCGUGAGACAGGUUAGUUUUACCCUACUGAUGAAUGUUAUCGCAAUAGUAAUUGAACUUAGUACGAGAGGAACCGUUCAUUCGGAUAAUUGGUUUUUGCGGCUGUCUGAUCAGGCAACGCCGCGAAGCUACCAUCCGCUGGAUUAUGGCUGAACGCCUCUAAGUCAGAAUCCAUGCUAGAAAGCGAUGAUUCUUGCCUCGCACAUUUU
GZ772340	GZ772340.1	complement(4064..6836)	0	0	rRNA_23S	ECO:0000256	match to sequence model evidence used in automatic assertion	90.98	100	Ref	32644		Bacteria;Proteobacteria;Gammaproteobacteria;Enterobacterales;Enterobacteriaceae;Escherichia-Shigella;	https://www.arb-silva.de/browser/lsu/GZ772340	AGCGUACACGGUGGAUGCCCUGGCAGUCAGAGGCGAUGAAGGACGUGCUAAUCUGCGAUAAGCGUCGGUAAGGUGAUAUGAACCGUUAUAACCGGCGAUUUCCGAAUGGGGAAACCCAGUGUGUUUCGACACACUAUCAUUAACUGAAUCCAUAGGUUAAUGAGGCGAACCGGGGGAACUGAAACAUCUAAGUACCCCGAGGAAAAGAAAUCAACCGAGAUUCCCCCAGUAGCGGCGAGCGAACGGGGAGCAGCCCAGAGCCUGAAUCAGUGUGUGUGUUAGUGGAAGCGUCUGGAAAGGCGCGCGAUACAGGGUGACAGCCCCGUACACAAAAAUGCACAUGCUGUGAGCUCGAUGAGUAGGGCGGGACACGUGGUAUCCUGUCUGAAUAUGGGGGGACCAUCCUCCAAGGCUAAAUACUCCUGACUGACCGAUAGUGAACCAGUACCGUGAGGGAAAGGCGAAAAGAACCCCGGCGAGGGGAGUGAAAAAGAACCUGAAACCGUGUACGUACAAGCAGUGGGAGCACGCUUAGGCGUGUGACUGCGUACCUUUUGUAUAAUGGGUCAGCGACUUAUAUUCUGUAGCAAGGUUAACCGAAUAGGGGAGCCGAAGGGAAACCGAGUCUUAACUGGGCGUUAAGUUGCAGGGUAUAGACCCGAAACCCGGUGAUCUAGCCAUGGGCAGGUUGAAGGUUGGGUAACACUAACUGGAGGACCGAACCGACUAAUGUUGAAAAAUUAGCGGAUGACUUGUGGCUGGGGGUGAAAGGCCAAUCAAACCGGGAGAUAGCUGGUUCUCCCCGAAAGCUAUUUAGGUAGCGCCUCGUGAAUUCAUCUCCGGGGGUAGAGCACUGUUUCGGCAAGGGGGUCAUCCCGACUUACCAACCCGAUGCAAACUGCGAAUACCGGAGAAUGUUAUCACGGGAGACACACGGCGGGUGCUAACGUCCGUCGUGAAGAGGGAAACAACCCAGACCGCCAGCUAAGGUCCCAAAGUCAUGGUUAAGUGGGAAACGAUGUGGGAAGGCCCAGACAGCCAGGAUGUUGGCUUAGAAGCAGCCAUCAUUUAAAGAAAGCGUAAUAGCUCACUGGUCGAGUCGGCCUGCGCGGAAGAUGUAACGGGGCUAAACCAUGCACCGAAGCUGCGGCAGCGACGCUUAUGCGUUGUUGGGUAGGGGAGCGUUCUGUAAGCCUGCGAAGGUGUGCUGUGAGGCAUGCUGGAGGUAUCAGAAGUGCGAAUGCUGACAUAAGUAACGAUAAAGCGGGUGAAAAGCCCGCUCGCCGGAAGACCAAGGGUUCCUGUCCAACGUUAAUCGGGGCAGGGUGAGUCGACCCCUAAGGCGAGGCCGAAAGGCGUAGUCGAUGGGAAACAGGUUAAUAUUCCUGUACUUGGUGUUACUGCGAAGGGGGGACGGAGAAGGCUAUGUUGGCCGGGCGACGGUUGUCCCGGUUUAAGCGUGUAGGCUGGUUUUCCAGGCAAAUCCGGAAAAUCAAGGCUGAGGCGUGAUGACGAGGCACUACGGUGCUGAAGCAACAAAUGCCCUGCUUCCAGGAAAAGCCUCUAAGCAUCAGGUAACAUCAAAUCGUACCCCAAACCGACACAGGUGGUCAGGUAGAGAAUACCAAGGCGCUUGAGAGAACUCGGGUGAAGGAACUAGGCAAAAUGGUGCCGUAACUUCGGGAGAAGGCACGCUGAUAUGUAGGUGAGGUCCCUCGCGGAUGGAGCUGAAAUCAGUCGAAGAUACCAGCUGGCUGCAACUGUUUAUUAAAAACACAGCACUGUGCAAACACGAAAGUGGACGUAUACGGUGUGACGCCUGCCCGGUGCCGGAAGGUUAAUUGAUGGGGUUAGCGCAAGCGAAGCUCUUGAUCGAAGCCCCGGUAAACGGCGGCCGUAACUAUAACGGUCCUAAGGUAGCGAAAUUCCUUGUCGGGUAAGUUCCGACCUGCACGAAUGGCGUAAUGAUGGCCAGGCUGUCUCCACCCGAGACUCAGUGAAAUUGAACUCGCUGUGAAGAUGCAGUGUACCCGCGGCAAGACGGAAAGACCCCGUGAACCUUUACUAUAGCUUGACACUGAACAUUGAGCCUUGAUGUGUAGGAUAGGUGGGAGGCUUUGAAGUGUGGACGCCAGUCUGCAUGGAGCCGACCUUGAAAUACCACCCUUUAAUGUUUGAUGUUCUAACGUUGACCCGUAAUCCGGGUUGCGGACAGUGUCUGGUGGGUAGUUUGACUGGGGCGGUCUCCUCCUAAAGAGUAACGGAGGAGCACGAAGGUUGGCUAAUCCUGGUCGGACAUCAGGAGGUUAGUGCAAUGGCAUAAGCCAGCUUGACUGCGAGCGUGACGGCGCGAGCAGGUGCGAAAGCAGGUCAUAGUGAUCCGGUGGUUCUGAAUGGAAGGGCCAUCGCUCAACGGAUAAAAGGUACUCCGGGGAUAACAGGCUGAUACCGCCCAAGAGUUCAUAUCGACGGCGGUGUUUGGCACCUCGAUGUCGGCUCAUCACAUCCUGGGGCUGAAGUAGGUCCCAAGGGUAUGGCUGUUCGCCAUUUAAAGUGGUACGCGAGCUGGGUUUAGAACGUCGUGAGACAGUUCGGUCCCUAUCUGCCGUGGGCGCUGGAGAACUGAGGGGGGCUGCUCCUAGUACGAGAGGACCGGAGUGGACGCAUCACUGGUGUUCGGGUUGUCAUGCCAAUGGCACUGCCCGGUAGCUAAAUGCGGAAGAGAUAAGUGCUGAAAGCAUCUAAGCACGAAACUUGCCCCGAGAUGAGUUCU
LT941842	LT941842.1	1..3722	0	0	rRNA_28S	ECO:0000256	match to sequence model evidence used in automatic assertion	94.63	99.12	Ref	3702		Eukaryota;Archaeplastida;Chloroplastida;Charophyta;Phragmoplastophyta;	https://www.arb-silva.de/browser/lsu/LT941842	CUCUCGCAUCGAUGAAGAACGUAGCGAAAUGCGAUACUUGGUGUGAAUUGCAGAAUCCCGUGAACCAUCGAGUCUUUGAACGCAAGUUGCGCCCCAAGCCUUCUGGCCGAGGGCACGUCUGCCUGGGUGUCACAAAUCGUCGUCCCUCACCAUCCUUUGCUGAUGCGGGACGGAAGCUGGUCUCCCGUGUGUUACCGCACGCGGUUGGCCUAAAUCCGAGCCAAGGACGCCUGGAGCGUACCGACAUGCGGUGGUGAACUUGAUCCAUUACAUUUUAUCGGUCGCUCUUGUCCGGAAGCAGUAGAUGACCCAAAGUCCAUAUAGCGACCCCAGGUCAGGCGGGAUUACCCGCUGAGUUUAAGCAUAUCAAUAAGCGGAGGAAAAGAAACUAACAAGGAUUCCCUUAGUAACGGCGAGCGAACCGGGAAGAGCCCAGCUUGAAAAUCGGACGUCUUCGGCGUUCGAAUUGUAGUCUGGAGAAGCGUCCUCAGCGACGGACCGGGCCUAAGUUCCCUGGAAAGGGGCGCCAGAGAGGGUGAGAGCCCCGUCGUGCCCGGACCCUGUCGCACCACGAGGCGCUGUCUACGAGUCGGGUUGUUUGGGAAUGCAGCCCCAAUCGGGCGGUAAAUUCCGUCCAAGGCUAAAUACGGGCGAGAGACCGAUAGCGAACAAGUACCGCGAGGUAAAGAUGAAAAGGACUUUGAAAAGAGAGUCAAAGAGUGCUUGAAAUUGUCGGGAGGGAAGCGGAUGGGGGCCGGCGAUGCGUCCUGGUCGGAUGCGGAACGGAGCAAUCCGGUCCGCCGAUCGAUUCGGGGCGUGGACCGACGCGGAUUACGGUGGCGGCCUAAGCCCGGGCUUUUGAUACGCUUGUGGAGACGUCGCUGCCGUGAUCGUGGUCUGCAGCACGCGCCUAACGGCGUGCCUCGGCAUCAGCGUGCUCCGGGCGUCGGCCUGUGGGCUCCCCAUUCGACCCGUCUUGAAACACGGACCAAGGAGUCUGACAUGUGUGCGAGUCAACGGGUGAGUAAACCCGUAAGGCGCAAGGAAGCUGAUUGGCGGGAUCCCUCGCGGGUGCACCGCCGACCGACCUUGAUCUUCUGAGAAGGGUUCGAGUGUGAGCAUGCCUGUCGGGACCCGAAAGAUGGUGAACUAUGCCUGAGCGGGGUAAAGCCAGAGGAAACUCUGGUGGAAGCCCGCAGCGAUACUGACGUGCAAAUCGUUCGUCUGACUUGGGUAUAGGGGCGAAAGACUAAUCGAACCAUCUAGUAGCUGGUUCCCCCCGAAGUUUCCCUCAGGAUAGCUGGAGCUCGGACGCGAGUUCUAUCGGGUAAAGCCAAUGAUUAGAGGCAUUGGGGGCGCAACGCCCUCGACCUAUUCUCAAACUUUAAAUAGGUAGGACGUGUCGGCUGCUUUGUUGAGCCGUCACACGGAAUCGAGAGCUCCAAGUGGGCCAUUUUUGGUAAGCAGAACUGGCGAUGCGGGAUGAACCGGAAGCCGGGUUACGGUGCCCAACUGCGCGCUAACCUAGAACCCACAAAGGGUGUUGGUCGAUUAAGACAGCAGGACGGUGGUCAUGGAAGUCGAAAUCCGCUAAGGAGUGUGUAACAACUCACCUGCCGAAUCAACUAGCCCCGAAAAUGGAUGGCGCUUAAGCGCGCGACCUAUACCCGGCCGUCGGGGCAAGAGCCAGGCCUCGAUGAGUAGGAGGGCGCGGCAGUCGCUGCAAAACCUAGGGCGCGAGCCCGGGCAGAGCGGCCGUCGGUGCAGAUCUUGGUGGUAGUAGCAAAUAUUCAAAUGAGAACUUUGAAGGCCGAAGAGGGGAAAGGUUCCAUGUGAACGGCACUUGCACAUGGGUUAUUCGAUCCUAAGAGUCGGGGGAAACCCGUCUGAUAGCGCUUAAGCGCGAACUUCGAAAGGGGAUUUGGUUAAAAUUCCGGAACCGGGACGUGGCGGUUGACGGCAACGUUAGGGAGUCCGGAGACGUCGGCGGGGGCCUCGGGAAGAGUUAUCUUUUCUGUUUAACAGCCUGCCCACCCUGGAAACGGCUCAGCCGGAGGUAGGGUCCAGCGGCUGGAAGAGCACCGCACGUCGCGUGGUGUCCGGUGCGCCCCCGGCGGCCCUUGAAAAUCCGGAGGACCGAGUGCCGCUCACGCCCGGUCGUACUCAUAACCGCAUCAGGUCUCCAAGGUGAACAGCCUCUGGUCGAUGGAACAAUGUAGGCAAGGGAAGUCGGCAAAAUGGAUCCGUAACUUCGGGAAAAGGAUUGGCUCUGAGGGCUGGGCUCGGGGGUCCCAGUUCCGAACCCGUCGGCUGUCAGCGGACUGCUCGAGCUGCUUUCGCGGCGAGAGCGGGUCGCCGCGUGCCGGCCGGGGGACGGACUGGGAACGGCUCUCUCGGGAGCUUUACCCGGGCGUCGAACAGUCAGCUCAGAACUGGUACGGACAAGGGGAAUCCGACUGUUUAAUUAAAACAAAGCAUUGCGAUGGUCCCUGCGGAUGCUAACGCAAUGUGAUUUCUGCCCAGUGCUCUGAAUGUCAAAGUGAAGAAAUUCAACCAAGCGCGGGUAAACGGUGGGAGUAACUAUGACUCUCUUAAGGUAGCCAAAUGCCUCGUCAUCUAAUUAGUGACGCGCAUGAAUGGAUUAACGAGAUUCCCACUGUCCCUGUCUACUAUCCAGCGAAACCACAGCCAAGGGAACGGGCUUGGCAGAAUCAGCGGGGAAAGAAGACCCUGUUGAGCUUGACUCUAGUCCGACUUUGUGAAAUGACUUGAGAGGUGUAGGAUAAGUGGGAGCUUCGGCGCAAGUGAAAUACCACUACUUUUAACGUUAUUUUACUUACUCCGUGAAUCGGAGGCGGGGUACAACCCCUGUUUUUGGUCCCAAGGCUCGCUUCGGCGGGUCGAUCCGGGCGGAGGACAUUGUCAGGUGGGGAGUUUGGCUGGGGCGGCACAUCUGUUAAAAGAUAACGCAGGUGUCCUAAGAUGAGCUCAACGAGAACAGAAAUCUCGUGUGGAACAAAAGGGUAAAAGCUUGUUUGAUUCUGAUUUUCAGUACGAAUACGAACCGUGAAAGCGUGGCCUAUCGAUCCUUUAGACCUUCGGAAUUUGAAGCUAGAGGUGUCAGAAAAGUUACCACAGGGAUAACUGGCUUGUGGCAGCCAAGCGUUCAUAGCGACGUUGCUUUUUGAUCCUUCGAUGUCGGCUCUUCCUAUCAUUGUGAAGCAGAAUUCACCAAGUGUUGGAUUGUUCACCCACCAAUAGGGAACGUGAGCUGGGUUUAGACCGUCGUGAGACAGGUUAGUUUUACCCUACUGAUGCCCGCGUCGCGAUAGUAAUUCAACCUAGUACGAGAGGAACCGUUGAUUCGCACAAUUGGUCAUCGCGCUUGGUUGAAAAGCCAGUGGCGCGAAGCUACCGUGCGCUGGAUUAUGACUGAACGCCUCUAAGUCAGAAUCCGGGCUAGAAGCGACGCAUGCGCCCGCCGCCCGAUUGCCGACCCUCAGUAGGAGCUUAGGCUCCCAAAGGCACGUGUCGUUGGCUAAGUCCGUUCGGCGGAAGCGUCGUUUGGACCGCCUUGAAUUAUAAUUACCACCGAGCGGCGGGUAGAAUCCUUUGCAGACGACUUAAAUACGCGACGGGGUAUUGUAAGUGGCAGAGUGGCCUUGCUGCCACGAUCCACUGAGAUUCAGCCCUUUGUCGCUAAGAUUCGACCCUCCCCUAAA
LK021130	LK021130.1	156710..159600	0	0	rRNA_23S	ECO:0000204	author statement	92.51	99.91	Ref NR	55601		Bacteria;Proteobacteria;Gammaproteobacteria;Enterobacterales;Vibrionaceae;Vibrio;	https://www.arb-silva.de/browser/lsu/LK021130	GGUUAAGUGACUAAGCGUACACGGUGGAUGCCUUGGCAGUCAGAGGCGAUGAAGGACGUAGUAACUUGCGAUAAGCGUAGAUUAGGCAGUAACAGCCACUUGAGUCUACGAUUUCCGAAUGGGGAAACCCACGUGCAUAAGCACGUAUCCUUACCUGAAUACAUAGGGUAAGGAGGCAAACCGGGGGAACUGAAACAUCUAAGUACCCCGAGGAGAAGAAAUCAACAGAGAUUCCGAAAGUAGCGGCGAGCGAAAUUGGACUAGCCCUUAAGCUUUUAAUGAUGCAGGUGAAGCCUCUGGAAAGUGGCGCAAUAAAGGGUGAUAGCCCCGUAACUGUUCCAUCAUUAUAAGUGAAAUCGAGUAAGGCGGGACACGUGUUAUCCUGUCUGAACAUGGGGGGACCAUCCUCCAAGGCUAAAUACUACUGACUGACCGAUAGUGAACCAGUACCGUGAGGGAAAGGCGAAAAGAACCCCUGUGAGGGGAGUGAAAUAGAACCUGAAACCGUGUACGUACAAGCAGUAGGAGCACCUUCGUGGUGUGACUGCGUACCUUUUGUAUAAUGGGUCAGCGACUUAUAUUCAGUGGCAAGGUUAACCGAAUAGGGGAGCCGUAGGGAAACCGAGUCUUAACUGGGCGCUUCAGUCUCUGGAUAUAGACCCGAAACCGGGUGAUCUAGCCAUGGGCAGGUUGAAGGUUGAGUAACAUCAACUGGAGGACCGAACCGACUAAUGUUGAAAAAUUAGCGGAUGACUUGUGGCUAGGGGUGAAAGGCCAAUCAAACUCGGAGAUAGCUGGUUCUCCCCGAAAGCUAUUUAGGUAGCGCCUCGGACGAAUACUACUGGGGGUAGAGCACUGUUAAGGCUAGGGGGUCAUCCCGACUUACCAACCCUUUGCAAACUCCGAAUACCAGUAAGUACUAUCCGGGAGACACACGGCGGGUGCUAACGUCCGUCGUGGAGAGGGAAACAACCCAGACCGCCAGCUAAGGUCCCAAAUUACUACUAAGUGGGAAACGAUGUGGGAAGGCUCAGACAGCCAGGAUGUUGGCUUAGAAGCAGCCAUCAUUUAAAGAAAGCGUAAUAGCUCACUGGUCGAGUCGGCCUGCGCGGAAGAUGUAACGGGGCUAAGUAGUAAACCGAAGCUGCGGCAAUACAGUUUACUGUAUUGGGUAGGGGAGCGUUCUGUAAGCCGUUGAAGGUGUGUUGUAAAGCAUGCUGGAGGUAUCAGAAGUGCGAAUGCUGACAUGAGUAACGAUAAGGGGGGUGAAAAACCUCCCCGCCGGAAGACCAAGGGUUCCUGUCCAACGUUAAUCGGGGCAGGGUAAGUCGACCCCUAAGGCGAGGCUGAAAAGCGUAGUCGAUGGGAAACGGGUUAAUAUUCCCGUACUGCUUAUAAUUGCGAUGGGGGGACGGAGAAGGCUAGGUGGGCCAGGCGACGGUUGUCCUGGUUCAAGUGCGUAGGCUAAGAGACUAGGUAAAUCCGGUUUCUUGUUAGGCUGAGACACGACGUCGAGCUGCUACGGCAGUGAAGUCAUUGAUGCCCUGCUUCCAGGAAAAGCCUCUAAGCUUCAGAUUAUAAGCAAUCGUACCCCAAACCGACACAGGUGGUCGGGUAGAGAAUACCAAGGCGCUUGAGAGAACUCGGGUGAAGGAACUAGGCAAAAUGGUACCGUAACUUCGGGAGAAGGUACGCUCUUAUUGGUGAAGUCCCUCGCGGAUGGAGCUGACGAGAGUCGCAGAUACCAGGUGGCUGCAACUGUUUAUUAAAAACACAGCACUGUGCAAAAUCGCAAGAUGACGUAUACGGUGUGACGCCUGCCCGGUGCCGGAAGGUUAAUUGAUGGGGUUAGACUUAGGUCGAAGCUCUUGAUCGAAGCCCCGGUAAACGGCGGCCGUAACUAUAACGGUCCUAAGGUAGCGAAAUUCCUUGUCGGGUAAGUUCCGACCUGCACGAAUGGCGUAAUGAUGGCCACGCUGUCUCCACCCGAGACUCAGUGAAAUUGAAAUCGCUGUGAAGAUGCAGUGUACCCGCGGCUAGACGGAAAGACCCCGUGAACCUUUACUACAGCUUGGCACUGAACAUUGAACCUACAUGUGUAGGAUAGGUGGGAGACUUAGAAGCGCAGUCGCUAGAUUGCGUGGAGUCGACCUUGAAAUACCACCCUUGUCGUUUUGAUGUUCUAACGUAGGCCCCUCAUCGGGGUUGCGGACAGUGCCUGGUGGGUAGUUUGACUGGGGCGGUCUCCUCCCAAAGAGUAACGGAGGAGCACGAAGGUGGGCUAAUCACGGUUGGACAUCGUGAGGUUAGUGCAAUGGCAUAAGCCCGCUUAACUGCGAGAAUGACGGUUCGAGCAGGUACGAAAGUAGGUCAUAGUGAUCCGGUGGUUCUGAAUGGAAGGGCCAUCGCUCAACGGAUAAAAGGUACUCCGGGGAUAACAGGCUGAUACCGCCCAAGAGUUCAUAUCGACGGCGGUGUUUGGCACCUCGAUGUCGGCUCAUCACAUCCUGGGGCUGAAGUCGGUCCCAAGGGUAUGGCUGUUCGCCAUUUAAAGUGGUACGCGAGCUGGGUUUAGAACGUCGUGAGACAGUUCGGUCCCUAUCUGCCGUGGGCGUUGGAAGAUUGAAGGGGGCUGCUCCUAGUACGAGAGGACCGGAGUGGACGAACCGCUGGUGUUCGGGUUGUCAUGCCAAUGGCAUUGCCCGGUAGCUAAGUUCGGAAUUGAUAAGCGCUGAAAGCAUCUAAGCGCGAAGCGAGCCCUGAGAUGAGUCUUCCCUGGCACUUUAAGUGUCCUAAAGGGUUGUUCGAGACUAGAACGUUGAUAGGUUGGGUGUGUAAGCGCUGCGAGGCGUUGAGCUAACCAAUACUAAUUGCCCGUGAGGCUUAACCAU
KY848289	KY848289.1	<1..>783	0	0	rRNA_28S	ECO:0000204	author statement	97.87	48.61	Parc	942256	LHQN01022326.11324.15068	Eukaryota;Amorphea;Obazoa;Opisthokonta;Holozoa;Choanozoa;Metazoa;Animalia;BCP clade;Bilateria;Protostomia;Ecdysozoa;Arthropoda;Hexapoda;Insecta;Pterygota;Neoptera;Hymenoptera;	https://www.arb-silva.de/browser/lsu/KY848289	UAGUAGCGGCGAGCGAACAGGAAAUAGCCCAGCACUGAAUCCCGCCGUUGUAACGGCGGCGGGAGAUGUGGUGUUCGGGAGGUUCCGCUUUCUUGUCGUCGUCCACUCCUGUCCAAGUUCGUCUUGAACGGGGCCCAUUUCCCAUAGAGGGUGCCAGGCCCGUAGCGACGGAGGACUUCGGCGAGAGGAACUCUCCUCAGAGUCGGGUUGCUUGAGAGUGCAGCCCUAAGUGGGUGGUAAACUCCAUCUAAGGCUAAAUAUUACCGCGAGACCGAUAGCGAACAAGUACCGUGAGGGAAAGUUGAAAAGAACUUUGAAGAGAGAGUUCAACAGUACGUGAAACCGCUCAGGGGUAAACCUGCGAAACUCGAAUGAACGAACGGGGAGAUUCAUCGUUAUUCCGCGGCGUGGUGGCGCACUCUCGAUAUCGUCGGCUUCGGCCGUGCGUUACGGGGUGCGUCGUUCGACGUUCGUGGACGGCGUGCACUUCUCCCUUAGUAAUACAUCGCGACCCGUUCGAUGUCGGUCUAAGCGCCGUUCGGGAGUCACUUUUGCACCCUUCGGGUUGCAGGGGUGACCGUGACGGUCGCCGACCGGCUGUCGGACGGUAUUUUAACGGAUCGCGUACGCGUUUACGCGCGUCCGGCCCGACGCAAGGCUACGUCGUUCACUCCCGUCCUGCCCGAGUGCGGUCGGGGGUGCGGCGCGCCUGCUGUCGCAGCCGUGCUGUCUCGGACUGUACGCGUCCCGUGUCUGCGAUGAUUCAGUUUCGGGCACUCGCAG
FN822744	FN822744.1	complement(1684589..1687453)	0	0	rRNA_23S	ECO:0000204	author statement	95.35	99.94	Ref NR	762550		Bacteria;Firmicutes;Bacilli;Lactobacillales;Lactobacillaceae;Leuconostoc;	https://www.arb-silva.de/browser/lsu/FN822744	UGAAGGACGUGACUAACUACGAUAAGCUUUGGUGAGCGGUAAGUACGCUAAGACCCAGAGAUUUCCGAAUGGGGAAACCCAACUCGCAAAGAGUUGUCAAUAGUUGAAUACAUAGAUUAUUGACGGAACACGCUGUGAACUGAAACAUCUCAUUAGCAGCAGGAGCAGAAAGAAAAAUCGAUUCCCCAAGUAGCGGCGAGCGAAACGGGAAGAGCCCAAACCAGAGUGCUUGCAUUCUGGGGUUGUAGGACUGAUAAAUAGAAGUUACAAAAGUGUUUUAUAGCAGAACAAGUUGGGAAGCUUGGCUAAAGAGGGUGAUAGCCCCGUACGCGAAAUAAAGCACACUUCUUUCAGGAUCCUGAGUACGGCCGGACACGUGAAAUCCGGUCGGAAUCUGCGGGGACCAUCCCGUAAGGCUAAAUACUCCCUAGUGACCGAUAGUGAACCAGUACCGUGAGGGAAAGGUGAAAAGCACCCCGGAAGGGGAGUGAAAUAGUUCCUGAAACCACGACGCCUACAAGAAGUCAGAGCCCGUUAAUGGGUGAUGGCGUGCCUUUUGUAGAAUGAACCGGCGAGUUACGGUAUCGUGCGAGGUUAAGGUGGAAAGACCGGAGCCGCAGCGAAAGCGAGUGUGAAUAGCGCGAAUAGUACGAUGCUGUAGACCCGAAACCAGGUGACCUACCCAUGGUCAGGAUGAAGGUGAGGUAAAACUUACUGGAGGUCCGAACCGGUGCAUGUUAAAAAAUGCUCGGAUGAACUGUGGGUAGCGGUGAAAUUCCAAACGAACCUGGAGAUAGCUGGUUCUCUCCGAAAUAGCUUUAGGGCUAGCCUCAUUAUAAGCAUACUGGAGGUAGAGCACUGUUAAGCCUAGGGGCCCAUCUCGGGUUACCAAAGUUUGAUAAACUCCGAAUGCCAGCUAUGUAUGAAUGGGAGUCAGACGAUGAGUGAUAAGAUCCACCGUCGAAAGGGGAACAGCCCAGAUCGCCAGUUAAGGUCCCUAAAUAUAUGUUAAGUGGAAAACGAUGUGAUAGUGCAUAGACAACUAGGAUGUUGGCUCAGAAGCAGCCACCAUUUAAAGAGUGCGUAAUAGCUCACUAGUCGAGUGCCAUUGCGCGGAAAAUGUACCGGGGCUAAACAUAUUACCGAAACUGCGGGUGUGCGUAAAGCACGCGAUAGGAGAGCGUUGUAAGGGCAAAGAAGGUAGACUGUAAGGACUACUGGAGCGCUUACAAGUGAGAAUGCCGGUAUGAGUAGCGAAAGACAGGUGAGAAUCCUGUCCACCGAAUGACUAAGGUUUCCUGGGGAAGGCUCGUCCUCCCAGGGUUAGUCGGGACCUAAGGCGAGGCUGAGAAGCGUAGUCGAUGGCUAACAGGUUGAGAUUCCUGUACCAGUAGUAAUGCGUUUGACCAAUGGAGGGACGCAGGAGGCUAACAGAAGCGCACUGAUGGAAAUGUGCGUGCAAGCAGUAAGUUUGGGAAAGAGUGAAAUGCUUUUUUCUGAUAAGAACAAGCUGUGAUGCGGAUCGAAAUAAAGUAGAGAAGUCUGUGAUGUCACACUGCCGAGAAAAGCUUCUAGGGAGUAUUACACUGCCCGUACCGCAAACCGACACAGGUAGUCGAGUGGAGAACACUAAGGUGAGCGAGAGAACCCUCGUUAAGGAACUCGGCAAAAUGACCCCGUAACUUCGGGAGAAGGGGUGCUCAUUGUAAAAGAUGAGCCGCAGUGAAUAGGCCCAGGCGACUGUUUAUCAAAAACACAGGUUUCUGCAAAAUCGUAAGAUGAAGUAUAGGGGCUGACGCCUGCCCGGUGCUGGAAGGUUAAAAGGAGUGCUUAGCUUCGGCGAAGGUACGAAUUGAAGCCCCAGUAAACGGCGGCCGUAACUAUAACGGUCCUAAGGUAGCGAAAUUCCUUGUCGGGUAAGUUCCGACCCGCACGAAAGGCGUAACGAUCUGGGCACUGUCUCAACGAGGGACUCGGUGAAAUUUAAAUACCCGUGAAGAUGCGGGUUACCCGCGACAGGACGGAAAGACCCCAUGGAGCUUUACUGUAGCUUGAUAUUGAAUGUUUGUGCUGCUUGUACAGAAUAGGUAGGAGACGAAGAGGAUUGGACGCCAGUCUAGUCGGAGUCAAAAAGUGGGAUACUACCCUCGUUGUAUGAACAUUCUAACACUGGUCACUUAACGUGAUCGUGGACAGUGUCUGGCGGGCAGUUUGACUGGGGCGGUCGCCUCCUAAAAGGUAACGGAGGCGCUCAAAGGUUUGCUCAGAAUGGUUGGAAAUCAUUCGUAGCGUGUAAAGGCAUAAGCAAGCUUGACUGCGAGAGCAACAACUCGAGCAGGUACGAAAGUAGGACUUAGUGAUCCGGUGGUUCCGCAUGGAAGGGCCAUCGCUCAACGGAUAAAAGCUACCCUGGGGAUAACAGGCUCAUCUCCCCCAAGAGUCCACAUCGACGGGGAGGUUUGGCACCUCGAUGUCGGCUCAUCGCAUCCUGGGGCUGUAGUCGGUCCCAAGGGUUGGGCUGUUCGCCCAUUAAAGCGGUACGCGAGCUGGGUUCAGAACGUCGUGAGACAGUUCGGUCCCUAUCCGUCGCGGGCGCAGGAAAUUUGAGAGGAGUUGCCCUUAGUACGAGAGGACCGGGGUGAACAAACCGCUGGUGUACCAGUUGUUCCGCCAGGAGCAUUGCUGGGUAGCUAUGUUUGGAAGAGAUAAACGCUGAAAGCAUCUAAGUGUGAAACUCGCCUCGAGAUGAGAUUUCCCAUUCGAAAGAAGUAAGACCCCUUAGAGAUGAUGAGGUAGAUAGGCUAGAAGUGGGAGUUGAGUGAUCAAUGAAGCGGACUAGUACUAAUAGGUCGAGGACUUAACCAA
KJ400965	KJ400965.1	<1..>567	169	0	rRNA_28S	ECO:0000248	sequence alignment evidence used in automatic assertion	83.25	99.7	Parc	369572	FJ345352.1.3830	Eukaryota;Amorphea;Obazoa;Opisthokonta;Nucletmycea;Fungi;Dikarya;Ascomycota;Pezizomycotina;Sordariomycetes;Hypocreales;Nectriaceae;Fusarium;	https://www.arb-silva.de/browser/lsu/KJ400965	UCCGUAGGUGAACCUGCGGAGGGAUCAUUACCGAGUUAUACAACUCAUCAACCCUGUGAACAUACCUAAACGUUGCCUCGGCGGGAACAGACGGCCCCGUGAAACGGGCCGCCCCCGCCAGAGGACCCCCUAACUCUGUUUCUAUAAUGUUUCUUCUGAGUAAAACAAGCAAAUAAAUUAAAACUUUCAACAACGGAUCUCUUGGCUCUGGCAUCGAUGAAGAACGCAGCGAAAUGCGAUAAGUAAUGUGAAUUGCAGAAUUCAGUGAAUCAUCGAAUCUUUGAACGCACAUUGCGCCCGCCAGUAUUCUGGCGGGCAUGCCUGUUCGAGCGUCAUUACAACCCUCAGGCCCCCGGGCCUGGCGUUGGGGAUCGGCGGAGCCCCCCGUGGGCACACGCCGUCCCCCAAAUACAGUGGCGGUCCCGCCGCAGCUUCCAUCGCGUAGUAGCUAACACCUCGCGACUGGAGAGCGGCGCGGCCACGCCGUAAAACACCCAACUCUUCUGAAGUUGACCUCGAAUCAGGUAGGAAUACCCGCUGAACUUAAGCAUAUCAAUAAGCGGAGGA
AX025558	AX025558.1	2..2968	0	0	rRNA_23S	ECO:0000080	phylogenetic evidence	87.64	97.33	Ref NR	1764		Bacteria;Actinobacteriota;Actinobacteria;Corynebacteriales;Mycobacteriaceae;Mycobacterium;	https://www.arb-silva.de/browser/lsu/AX025558	CCAAUUGGGAAACCCAGCACGAGUGAUGUCGUGUUACCCGUAUCUGAAUAUAUAGGGUGCGGGAGGUAACGCGGGGAAGUGAAACAUCUCAGUACCCGUAGGAGAAGAAAACAAUUGUGAUUCCGUCAGUAGUGGCGAGCGAACGCGGAACAGGCUAAACCGCAUGCAUGGACAACCGGGUAGGGGUUGUGUGUGCGGGGUUGUGGGAUUGAUAUGUCUCAGCUCUACCUGGCUGAGGGGUAGUCAGAAAGUGGCGUGGUUAGCGGAAGUGGCCUGGGACGGCCCGCCGUAGACGGUGAGAGCCCGGUACGCGAAAACCCGGCACCUGCCUUAUAUCAACACCCGAGUAGCAGCGGGCCCGUGGAAUCUGCUGUGAAUCUGCCGGGACCACCCGGUAAGCCUAAAUACUUCUCGAUGACCGAUAGCGGAUUAGUACCGUGAGGGAAUGGUGAAAAGUACCCCGGGAGGGGAGUGAAAUAGUACCUGAAACCGUGUGCCUACAAUCCGUCAGAGCCUCCUCGUGGGGUGAUGGCGUGCCUUUUGUAGAUGAGCCUGCGAGUCAGGGACACGUCGCGAGGUUAACCCGUGCGGGGUAGCCGCAGCGAAAGCGAGUCUGAAUAGGGCGCAUCCCCUUUGGGGUGUAGUGGCGUGUUCUGGACCCGAAGGAGUGAUCUACCCAUGGCCAGGGUGAAGCGCGGGUAAGACCGCGUGGAGGCCCGAACCCACUUAGGUUGAAGACUGAGGGGAUGAGCUGUGGGUAGGGGUGAAAGGCCAAUCAAACUCCGUGAUAGCUGGUUCUCCCCGAAAUGCAUUUAGGUGCAGCGUUGCGUGGUUCACCACGGAGGUAGAGCUACUGGAUGGCCGAUGGGCCCUACUAGGUUACUGACGUCAGCCAAACUCCGAAUGCCGUGGUGUAAAGCGUGGCAGUGAGACGGCGGGGGAUAAGCUCCGUACGUCGAAAGGGAAACAGCCCAGAUCGCCGGCUAAGGCCCCUAAGCGUGUGCUAAGUGKAAAAGGAUGUGUAGUMKCAGAGACAACCAGGAGGUUGGCUUAGAAGCUGGAUAAAAAAUAGCUCACUGGUCAAGUGAUUAUGCGCCGAUAAUGUAGCGGGGCUCAAGCACACCGCCGAAGCCGCGGCACAUUCAUCUUUACGGUGGAUGUGGGUAGGGGAGCGUCCCCCAUUCAGCGAAGCCUCCGGGUGACCGGUGGUGGAGGGUGGGGGAGUGAGAAUGCAGGCAUGAGUAGCGAUAAGGCAAGUGAGAACCUUGCCCGCCGUAAGACCAAGGGUUCCUGGGCCAGGCCAGUCCGCCCAGGGUGAGUCGGGACCUAAGGCGAGGCCGACAGGCGUAGUCGAUGGACAACGGGUUGAUAUUCCCGUACCCGUGUAUGGGCGUCCCUGAUGAAUCAGCGGUACUAACCACCCAAAACCGGAUCGACCAUUCCCCUUCGGGGGCGUGGCGAUUCGGGGCUGCGUGGGACCUUCGCUGGUAGUAGUCAAGCAAUGGGGUGACGCAGGAAGGCAGCCGUACCAGUCAGUGGUAAUACUGGGGCAAGCCCGUAGGGAGAGCGAUAGGCAAAUCCGUCGCUCACUAAUCCUGAGAGGUGAUGCAUAGCCGGUUGAGGCGAAUUCGGUGAUCCUCUGCUGCCAAGAAAAGCCUCUAGCGAGCACAUACACGGSCCGUWCCCCAAACCGACACAGGUGGUCAGGUAGAGAAUACCAAGGCGUACGAGAUAACUAUGGUUAAGGAACUCGGCAAAAUGCCCCCGUAACUUCGGGAGAAGGGGGGCCGGAAUACCGUGAACACCCUUGCGGUGGGAGCGGGAUUCGGCCGCAGAAACCAGUGGGUAGCGACUGUUUACUAAAAACACAGGUCCGUGCGAAGUCGCAAGACGAUGUAUACGGACUGACGCCUGCCCGGUGCUGGAAGGUUAAGAGGACCCGUUAACCCGUAAGGGUGAAGCGGAGAAUUUAAGCCCCAGUAAACGGCGGUGGUAACUAUAACCAUCCUAAGGUAGCGAAAUUCCUUGUCGGGUAAGUUCCGACCUGCACGAAUGGCGUAACGACUUCCCAACUGUCUCAACCAUAGACUCGGCGAAAUUGCACUACGAGUAAAGAUGCUCGUUACGCGCGGCAGGACGAAAAGACCCCGGGACCUUCACUACAACUUGGUAUUGGUGUUCGGUACGGUUUGUGUAGGAUAGGUGGGAGACUUUGAAGCACAGACGCCAGUUUGUGUGGAGUCGUUGUUGAAAUACCACUCUGAUCGUAUUGGACACCUAACGUCGAACCCUUAUCGGGUUCACGGACAGUGCCUGGCGGGUAGUUUAACUGGGGCGGUUGCCUCCUAAAAUGUAACGGAGGCGCCCAAAGGUUCCCUCAACCUGGACGGCAAUCAGGUGGCGAGUGUAAGUGCACAAGGGAGCUUGACUGCGAGACUUACAAGUCAAGCAGGGACGAAAGUCGGGACUAGUGAUCCGGCACCCCCGAGUGGAAGGGGUGUCGCUCAACGGAUAAAAGGUACCCCGGGGAUAACAGGCUGAUCNUCCCCAAGNGNCCAUNUCCCCUCGAAUGUCGGCUCGUCGCAUCCUGGGGCUGGAGCAGGUCCCAAGGGUUGGGCUGUUCGCCCAUUAAAGCGGCACGCGAGCUGGGUUUAGAACGUCGUGAGACAGUUCGGUCUUUAUCCGCCGCGCGCGUCAGAAACUUGAGGAAACCUGUCCCUAGUACGAGAGGACCGGGACGGACGAACCUCUGGUAUACCAGUUGUCCCACCAGGGGCACGGCUGGAUAGCCACGUUCGGACAGGAUAACCGCUGAAAGCAUCUAAGCGGGAAACCUUCUCCAAGAUCAGGUUUCUCACCCUUUUAGAGGGAUAAGGCCCCCCGCAGACCACGGGAUUGAUAGGCCAGACCUGGAAGCUCAGUAAUGAGUGCAGGGAACUGGCACUAACCGGCCGAAAACUUACCAAC
